Alabama,US-AL,flights to Alabama,hotels in Alabama,Alabama vacation,road trip to Alabama
Alaska,US-AK,flights to Alaska,hotels in Alaska,Alaska vacation,road trip to Alaska
Arizona,US-AZ,flights to Arizona,hotels in Arizona,Arizona vacation,road trip to Arizona
Arkansas,US-AR,flights to Arkansas,hotels in Arkansas,Arkansas vacation,road trip to Arkansas
California,US-CA,flights to California,hotels in California,California vacation,road trip to California
Colorado,US-CO,flights to Colorado,hotels in Colorado,Colorado vacation,road trip to Colorado
Connecticut,US-CT,flights to Connecticut,hotels in Connecticut,Connecticut vacation,road trip to Connecticut
Delaware,US-DE,flights to Delaware,hotels in Delaware,Delaware vacation,road trip to Delaware
Florida,US-FL,flights to Florida,hotels in Florida,Florida vacation,road trip to Florida
Georgia,US-GA,flights to Georgia,hotels in Georgia,Georgia vacation,road trip to Georgia
Hawaii,US-HI,flights to Hawaii,hotels in Hawaii,Hawaii vacation,road trip to Hawaii
Idaho,US-ID,flights to Idaho,hotels in Idaho,Idaho vacation,road trip to Idaho
Illinois,US-IL,flights to Illinois,hotels in Illinois,Illinois vacation,road trip to Illinois
Indiana,US-IN,flights to Indiana,hotels in Indiana,Indiana vacation,road trip to Indiana
Iowa,US-IA,flights to Iowa,hotels in Iowa,Iowa vacation,road trip to Iowa
Kansas,US-KS,flights to Kansas,hotels in Kansas,Kansas vacation,road trip to Kansas
Kentucky,US-KY,flights to Kentucky,hotels in Kentucky,Kentucky vacation,road trip to Kentucky
Louisiana,US-LA,flights to Louisiana,hotels in Louisiana,Louisiana vacation,road trip to Louisiana
Maine,US-ME,flights to Maine,hotels in Maine,Maine vacation,road trip to Maine
Maryland,US-MD,flights to Maryland,hotels in Maryland,Maryland vacation,road trip to Maryland
Massachusetts,US-MA,flights to Massachusetts,hotels in Massachusetts,Massachusetts vacation,road trip to Massachusetts
Michigan,US-MI,flights to Michigan,hotels in Michigan,Michigan vacation,road trip to Michigan
Minnesota,US-MN,flights to Minnesota,hotels in Minnesota,Minnesota vacation,road trip to Minnesota
Mississippi,US-MS,flights to Mississippi,hotels in Mississippi,Mississippi vacation,road trip to Mississippi
Missouri,US-MO,flights to Missouri,hotels in Missouri,Missouri vacation,road trip to Missouri
Montana,US-MT,flights to Montana,hotels in Montana,Montana vacation,road trip to Montana
Nebraska,US-NE,flights to Nebraska,hotels in Nebraska,Nebraska vacation,road trip to Nebraska
Nevada,US-NV,flights to Nevada,hotels in Nevada,Nevada vacation,road trip to Nevada
New Hampshire,US-NH,flights to New Hampshire,hotels in New Hampshire,New Hampshire vacation,road trip to New Hampshire
New Jersey,US-NJ,flights to New Jersey,hotels in New Jersey,New Jersey vacation,road trip to New Jersey
New Mexico,US-NM,flights to New Mexico,hotels in New Mexico,New Mexico vacation,road trip to New Mexico
New York,US-NY,flights to New York,hotels in New York,New York vacation,road trip to New York
North Carolina,US-NC,flights to North Carolina,hotels in North Carolina,North Carolina vacation,road trip to North Carolina
North Dakota,US-ND,flights to North Dakota,hotels in North Dakota,North Dakota vacation,road trip to North Dakota
Ohio,US-OH,flights to Ohio,hotels in Ohio,Ohio vacation,road trip to Ohio
Oklahoma,US-OK,flights to Oklahoma,hotels in Oklahoma,Oklahoma vacation,road trip to Oklahoma
Oregon,US-OR,flights to Oregon,hotels in Oregon,Oregon vacation,road trip to Oregon
Pennsylvania,US-PA,flights to Pennsylvania,hotels in Pennsylvania,Pennsylvania vacation,road trip to Pennsylvania
Rhode Island,US-RI,flights to Rhode Island,hotels in Rhode Island,Rhode Island vacation,road trip to Rhode Island
South Carolina,US-SC,flights to South Carolina,hotels in South Carolina,South Carolina vacation,road trip to South Carolina
South Dakota,US-SD,flights to South Dakota,hotels in South Dakota,South Dakota vacation,road trip to South Dakota
Tennessee,US-TN,flights to Tennessee,hotels in Tennessee,Tennessee vacation,road trip to Tennessee
Texas,US-TX,flights to Texas,hotels in Texas,Texas vacation,road trip to Texas
Utah,US-UT,flights to Utah,hotels in Utah,Utah vacation,road trip to Utah
Vermont,US-VT,flights to Vermont,hotels in Vermont,Vermont vacation,road trip to Vermont
Virginia,US-VA,flights to Virginia,hotels in Virginia,Virginia vacation,road trip to Virginia
Washington,US-WA,flights to Washington,hotels in Washington,Washington vacation,road trip to Washington
West Virginia,US-WV,flights to West Virginia,hotels in West Virginia,West Virginia vacation,road trip to West Virginia
Wisconsin,US-WI,flights to Wisconsin,hotels in Wisconsin,Wisconsin vacation,road trip to Wisconsin
Wyoming,US-WY,flights to Wyoming,hotels in Wyoming,Wyoming vacation,road trip to Wyoming
